x,y,yR,yn,yRecTV,yRecTV2,yRecTV1p2,yRecTVR
0.0,-2.356194490192345,-2.356194490192345,-2.505292047644575,-2.1804950008062405,-2.3394029199244755,-2.1556059238050684,-2.1804950008062405
0.002,-2.2810978594009343,-2.2810978594009343,-1.9839309982224291,-2.1804950008062405,-2.2685586139296685,-2.13130513852506,-2.1804950008062405
0.004,-2.2066044143990133,-2.2066044143990133,-2.1616872456434035,-2.180426892507719,-2.1977143079348616,-2.1070043532450518,-2.180426892507719
0.006,-2.132714155186581,-2.132714155186581,-2.3665677874356366,-2.180426892507719,-2.1269494683409196,-2.0822796278533007,-2.180426892507719
0.008,-2.059427081763639,-2.059427081763639,-1.9283094724707244,-2.1804030881028593,-2.056330949312302,-2.031728353323274,-2.1804030881028593
0.01,-1.9867431941301854,-1.9867431941301854,-2.8882049437273674,-2.1804030881028593,-1.9857124302836846,-1.9659800095713889,-2.1804030881028593
0.012,-1.9146624922862205,-1.9146624922862205,-1.8338531379876495,-1.9094671846483455,-1.9154068748011381,-1.8997899007286438,-1.9094671846483455
0.014,-1.843184976231746,-1.843184976231746,-1.9846168608793808,-1.9094671846483455,-1.845391156501145,-1.8334656470997885,-1.9094671846483455
0.016,-1.7723106459667592,-1.7723106459667592,-1.349511009755678,-1.7202586102086042,-1.7753754382011517,-1.7671413934709332,-1.7202586102086042
0.018,-1.7020395014912637,-1.7020395014912637,-1.526379478414105,-1.7202586102086042,-1.705936397221966,-1.7005798129467542,-1.7202586102086042
0.02,-1.6323715428052568,-1.6323715428052568,-1.4873357363212716,-1.720206450633,-1.6369002173025087,-1.6340334157597471,-1.720206450633
0.022,-1.5633067699087388,-1.5633067699087388,-2.429445680331132,-1.720206450633,-1.567864037383051,-1.56748701857274,-1.720206450633
0.024,-1.49484518280171,-1.49484518280171,-1.8084615118751521,-1.7200960706189452,-1.4996164092666682,-1.5009739412338075,-1.7200960706189452
0.026,-1.4269867814841706,-1.4269867814841706,-1.4726916066062024,-1.4731631127200178,-1.4318339024331936,-1.4346029070132909,-1.4731631127200178
0.028,-1.3597315659561202,-1.3597315659561202,-1.3038979884384065,-1.3035914163736042,-1.364051395599719,-1.3682318727927743,-1.3035914163736042
0.03,-1.293079536217559,-1.293079536217559,-0.7573460903614608,-1.0022566260661916,-1.2971773618827682,-1.3021299391024157,-1.0022566260661916
0.032,-1.2270306922684866,-1.2270306922684866,-0.8866620542346808,-1.0020774652307836,-1.230782196249071,-1.2362470204423393,-1.0020774652307836
0.034,-1.1615850341089042,-1.1615850341089042,-0.9902189240925718,-1.0020774652307836,-1.1643870306153739,-1.1703641017822628,-1.0020774652307836
0.036,-1.096742561738811,-1.096742561738811,-1.0874203456458806,-1.0019431311778866,-1.0989339379700207,-1.1048969526971029,-1.0019431311778866
0.038,-1.032503275158207,-1.032503275158207,-1.2872279272015128,-1.0019431311778866,-1.034197246684778,-1.0396731315333678,-1.0019431311778866
0.04,-0.9688671743670918,-0.9688671743670918,-0.6380798461369986,-0.8324604901630392,-0.96980471599876,-0.9744493103696326,-0.8324604901630392
0.042,-0.9058342593654665,-0.9058342593654665,-0.9440799414133018,-0.8324604901630392,-0.9066306695580721,-0.9096937022436838,-0.8324604901630392
0.044,-0.8434045301533311,-0.8434045301533311,-0.5874999412440813,-0.8323067610594527,-0.8441397365711271,-0.8453293226952239,-0.8323067610594527
0.046,-0.7815779867306838,-0.7815779867306838,-1.0007033175100508,-0.8323067610594527,-0.7818036478021282,-0.7825088877942546,-0.8323067610594527
0.048,-0.7203546290975256,-0.7203546290975256,-0.8067701304966746,-0.8321514967469754,-0.7206152945650847,-0.7209591657492986,-0.8321514967469754
0.05,-0.6597344572538573,-0.6597344572538573,-0.7525584157271193,-0.8321514967469754,-0.6600547784534981,-0.6601893169328114,-0.8321514967469754
0.052,-0.5997174711996776,-0.5997174711996776,-1.0836394055799097,-0.8319468842407036,-0.5996187720624508,-0.599827660820822,-0.8319468842407036
0.054,-0.5403036709349873,-0.5403036709349873,-0.8454228250418605,-0.8319468842407036,-0.5403058646719511,-0.5403988695214645,-0.8319468842407036
0.056,-0.48149305645978613,-0.48149305645978613,-0.17004566428710638,-0.4442944828314569,-0.4816125080100861,-0.48160100849894827,-0.4442944828314569
0.058,-0.4232856277740744,-0.4232856277740744,-0.7032038323477998,-0.4442944828314569,-0.423037360495903,-0.4231380377569029,-0.4442944828314569
0.06,-0.36568138487785173,-0.36568138487785173,-0.2675280853135855,-0.44413192644018107,-0.3655764395834529,-0.3655900357951514,-0.44413192644018107
0.062,-0.30868032777111853,-0.30868032777111853,-0.627787329471683,-0.44413192644018107,-0.30872819986264993,-0.30866089046492134,-0.44413192644018107
0.064,-0.2522824564538748,-0.2522824564538748,-0.45160692549692794,-0.4439263447229597,-0.25199289557029364,-0.2520575395645186,-0.4439263447229597
0.066,-0.1964877709261197,-0.1964877709261197,-0.18214479054184823,-0.18285059536103582,-0.19636483941192492,-0.19635746802610946,-0.18285059536103582
0.068,-0.14129627118785448,-0.14129627118785448,-0.1356432423263031,-0.13560873259590617,-0.14134427556208254,-0.14126771459687845,-0.13560873259590617
0.07,-0.08670795723907831,-0.08670795723907831,0.07836944154614911,-0.043518919866268796,-0.08643276823430217,-0.08649741787068553,-0.043518919866268796
0.072,-0.03272282907979118,-0.03272282907979118,0.0330969950576587,-0.04331442956689735,-0.03262363382584234,-0.032622609271200316,-0.04331442956689735
0.074,0.020659113290006914,0.020659113290006914,-0.24160292630483032,-0.04331442956689735,0.020581470161226544,0.020647362430401203,-0.04331442956689735
0.076,0.07343786987031509,0.07343786987031509,0.16910861973137542,0.07321998895669327,0.07368001463808005,0.0736018236884339,0.07321998895669327
0.078,0.12561344066113467,0.12561344066113467,0.14441080716126153,0.07321998895669327,0.12567914231542263,0.12566538516836862,0.07321998895669327
0.08,0.17718582566246477,0.17718582566246477,0.2800610535426242,0.07338149388015275,0.177076184454081,0.1771270905218723,0.07338149388015275
0.082,0.2281550248743054,0.2281550248743054,-0.302837413052486,0.07338149388015275,0.2283679524486949,0.2282752754505547,0.07338149388015275
0.084,0.278521038296657,0.278521038296657,0.8898663387897504,0.5255124759912249,0.2785617189751894,0.2785347600674469,0.5255124759912249
0.086,0.32828386592951864,0.32828386592951864,0.6699511355971783,0.5255124759912249,0.3281541744738713,0.3281935279631506,0.5255124759912249
0.088,0.37744350777289215,0.37744350777289215,0.8547839094112947,0.5255594944290827,0.37764171330335156,0.3775392951670144,0.5255594944290827
0.09,0.42599996382677596,0.42599996382677596,0.4442821859082488,0.5255594944290827,0.4260314364995548,0.42599647662174983,0.5255594944290827
0.092,0.4739532340911705,0.4739532340911705,-0.025201172967670715,0.525631601785858,0.47381968988072337,0.4738527625567367,0.525631601785858
0.094,0.5213033185660758,0.5213033185660758,0.520410717513534,0.525631601785858,0.5215029040524788,0.5213958484728966,0.525631601785858
0.096,0.5680502172514919,0.5680502172514919,0.545587643795561,0.525800829413523,0.5680878420579224,0.5680497456905778,0.525800829413523
0.098,0.6141939301474189,0.6141939301474189,0.3073113435570476,0.525800829413523,0.6140707065941854,0.6141018253850034,0.525800829413523
0.1,0.6597344572538566,0.6597344572538566,0.8995141302439282,0.7597925129023214,0.6599478977123551,0.6598397262598837,0.7597925129023214
0.102,0.7046717985708044,0.7046717985708044,0.8747929457031052,0.7597925129023214,0.7047258041798131,0.704686796050015,0.7597925129023214
0.104,0.7490059540982636,0.7490059540982636,0.5064362090457506,0.7600062629379196,0.7489007647599395,0.7489305877355472,0.7600062629379196
0.106,0.7927369238362336,0.7927369238362336,0.9131768992650695,0.8060396581713325,0.7929694281332197,0.7928591718960457,0.8060396581713325
0.108,0.8358647077847143,0.8358647077847143,0.6984830816502572,0.8062752776203517,0.8359379117349095,0.8358955953853938,0.8062752776203517
0.11,0.878389305943706,0.878389305943706,1.0445416342246805,1.043607729617129,0.8783027947313075,0.8783279480886848,1.043607729617129
0.112,0.9203107183132082,0.9203107183132082,1.1372284026289574,1.0613680342696976,0.9205608917992102,0.9204446415166049,1.0613680342696976
0.114,0.9616289448932211,0.9616289448932211,1.0114851260449769,1.0613680342696976,0.9617180680360492,0.9616685954825427,1.0613680342696976
0.116,1.0023439856837448,1.0023439856837448,1.0904260103878343,1.0615830490647147,1.0022710478607786,1.0022882356704657,1.0615830490647147
0.118,1.0424558406847793,1.0424558406847793,1.0059756753585427,1.0615830490647147,1.042716778918941,1.0425920712381547,1.0615830490647147
0.12,1.0819645098963246,1.0819645098963246,1.3445448178892137,1.2640518355513477,1.0820608394358397,1.0820030708469537,1.2640518355513477
0.122,1.1208699933183808,1.1208699933183808,1.2961613320610612,1.2640518355513477,1.1208000728390504,1.1208097636070338,1.2640518355513477
0.124,1.1591722909509474,1.1591722909509474,1.792259253748183,1.2641742612686648,1.1594315468148224,1.1593007415601415,1.2641742612686648
0.126,1.196871402794025,1.196871402794025,1.0765290063425113,1.2641742612686648,1.1969605548470317,1.196898990567826,1.2641742612686648
0.128,1.2339673288476134,1.2339673288476134,1.124889668707459,1.2642600701660398,1.233884079586408,1.2338931214813986,1.2642600701660398
0.13,1.2704600691117123,1.2704600691117123,0.9860776039304904,1.2642600701660398,1.2706993491574414,1.270571691484368,1.2642600701660398
0.132,1.3063496235863221,1.3063496235863221,1.254610649855956,1.2644423823114455,1.306411454997043,1.306357786973086,1.2644423823114455
0.134,1.341635992271443,1.341635992271443,1.2381662158762912,1.2644423823114455,1.3415176175319543,1.3415399837714268,1.2644423823114455
0.136,1.3763191751670742,1.3763191751670742,1.6146981484665097,1.5338258533222815,1.3765152153222933,1.376406767927646,1.5338258533222815
0.138,1.410399172273216,1.410399172273216,1.9970390548807095,1.5338258533222815,1.4104094474190711,1.4103813092893374,1.5338258533222815
0.14,1.4438759835898691,1.4438759835898691,1.1696016479152167,1.5340208405821376,1.443698021802209,1.4437520748379666,1.5340208405821376
0.142,1.4767496091170322,1.4767496091170322,1.9755578809731467,1.5340208405821376,1.4768781390153496,1.4768075232218298,1.5340208405821376
0.144,1.5090200488547065,1.5090200488547065,1.3602690593900613,1.5341584574965754,1.5089566526594025,1.5089707772480698,1.5341584574965754
0.146,1.5406873028028918,1.5406873028028918,1.7969194184021575,1.5341584574965754,1.5404320442408928,1.5405302314090903,1.5341584574965754
0.148,1.5717513709615876,1.5717513709615876,1.19274558646325,1.534266474086579,1.571801919897571,1.5717743277968939,1.534266474086579
0.15,1.6022122533307943,1.6022122533307943,1.3264359474736587,1.534266474086579,1.6020773814774762,1.6021261342184627,1.534266474086579
0.152,1.6320699499105118,1.6320699499105118,1.3751319750584177,1.5344444809924607,1.6317565820761715,1.631874071577929,1.5344444809924607
0.154,1.66132446070074,1.66132446070074,1.741206066379501,1.678761351996034,1.6613356397465566,1.6613065675765961,1.678761351996034
0.156,1.689975785701479,1.689975785701479,1.6431998414715994,1.6789929269021937,1.6898245056046592,1.689846786337629,1.6789929269021937
0.158,1.7180239249127287,1.7180239249127287,2.0294549047884636,1.6789929269021937,1.7177182668720028,1.717783343918363,1.6789929269021937
0.16,1.745468878334489,1.745468878334489,1.9706379958204527,1.679119700623933,1.7455120882012147,1.745404594660057,1.679119700623933
0.162,1.7723106459667604,1.7723106459667604,1.0119705012488909,1.679119700623933,1.772215612381078,1.7721347492306747,1.679119700623933
0.164,1.7985492278095423,1.7985492278095423,2.078888300419891,1.6836776022802535,1.7983238481921504,1.7982632360064346,1.6836776022802535
0.166,1.824184623862835,1.824184623862835,1.5956922395273676,1.6836776022802535,1.8243318086706088,1.8240789866559095,1.6836776022802535
0.168,1.8492168341266386,1.8492168341266386,1.375326847274653,1.683851095495172,1.8492486817671692,1.849007956879083,1.683851095495172
0.17,1.8736458586009528,1.8736458586009528,1.7751488118405245,1.7747154819974047,1.8735689534886513,1.8733378440815913,1.7747154819974047
0.172,1.8974716972857775,1.8974716972857775,1.8341397485779634,1.8337461700001159,1.897787294367128,1.8973560627483665,1.8337461700001159
0.174,1.9206943501811131,1.9206943501811131,2.1386013325547117,1.8462823154462114,1.920911144916045,1.9204877231365416,1.8462823154462114
0.176,1.9433138172869597,1.9433138172869597,1.9431824433385667,1.846456901288203,1.9434339791027675,1.9430201448293605,1.846456901288203
0.178,1.965330098603317,1.965330098603317,1.4579484405361258,1.846456901288203,1.9658501857102888,1.9652407070580165,1.846456901288203
0.18,1.9867431941301852,1.9867431941301852,2.1262806238617404,1.8979186230391223,1.9871641456681954,1.9865741561617323,1.8979186230391223
0.182,2.007553103867564,2.007553103867564,1.9513630955701693,1.8979186230391223,2.0078688603198716,2.007307418606268,1.8979186230391223
0.184,2.0277598278154536,2.0277598278154536,1.703603891359763,1.8981045845785514,2.028459122772597,2.027727585665,1.8981045845785514
0.186,2.0473633659738537,2.0473633659738537,2.241777870920656,1.8981045845785514,2.047934652269133,2.0472580651188768,1.8981045845785514
0.188,2.0663637183427648,2.0663637183427648,1.4660078975417061,1.898326422383176,2.066788315012142,2.066185104317972,1.898326422383176
0.19,2.084760884922187,2.084760884922187,2.3577814790068814,1.9966318048019323,2.085515876686873,2.0847956832186934,1.9966318048019323
0.192,2.1025548657121194,2.1025548657121194,2.1241393197093212,1.9967905803331045,2.1031104587681706,2.1025109032752645,1.9967905803331045
0.194,2.119745660712563,2.119745660712563,1.548548079728087,1.9967905803331045,2.1200653613973754,2.119616600090865,1.9967905803331045
0.196,2.136333269923517,2.136333269923517,1.9547249848583843,1.996949355864277,2.136878155617238,2.136400030273024,1.996949355864277
0.198,2.152317693344982,2.152317693344982,2.182712223952604,2.182389311427888,2.152533055870908,2.152278668750608,2.182389311427888
0.2,2.1676989309769574,2.1676989309769574,2.360121701648736,2.2393431588341413,2.1675245617324577,2.167538236954157,2.2393431588341413
0.202,2.182476982819444,2.182476982819444,2.6764147725829144,2.2393431588341413,2.1823531181494107,2.182466778661163,2.2393431588341413
0.204,2.196651848872441,2.196651848872441,2.4456781632182967,2.239439791979434,2.195991096001107,2.196476578427877,2.239439791979434
0.206,2.2102235291359484,2.2102235291359484,2.134494944110086,2.239439791979434,2.208634055012283,2.209853724579116,2.239439791979434
0.208,2.2231920236099674,2.2231920236099674,2.392768036678131,2.2394277395685687,2.2203465734339183,2.222887775904012,2.2394277395685687
0.21,2.235557332294497,2.235557332294497,2.8423425933169106,2.2394277395685687,2.230951562155524,2.234983931642731,2.2394277395685687
0.212,2.247319455189537,2.247319455189537,2.307348237115656,2.2393026694731972,2.241092227744711,2.2463688208158605,2.2393026694731972
0.214,2.2584783922950877,2.2584783922950877,2.2558091787943244,2.2393026694731972,2.2512328933338983,2.2569761926334233,2.2393026694731972
0.216,2.2690341436111496,2.2690341436111496,1.599645284809717,2.208434295259358,2.2604587294540073,2.2652432715078583,2.208433928161259
0.218,2.278986709137722,2.278986709137722,2.106304502330262,2.208434295259358,2.269276938126979,2.273182955066089,2.208433928161259
0.22,2.2883360888748054,2.2883360888748054,1.9803160661735832,2.208442051788086,2.2780951467999504,2.28112263862432,2.208441684689987
0.222,2.2970822828223993,2.2970822828223993,1.886947229739499,2.208442051788086,2.2861252153282265,2.2886017202080975,2.208441684689987
0.224,2.305225290980504,2.305225290980504,2.3367947073130333,2.2085322845740225,2.2938753750855354,2.295879090164167,2.2085319174759235
0.226,2.3127651133491196,2.3127651133491196,2.335293762251902,2.2085322845740225,2.3016255348428443,2.3031564601202366,2.2085319174759235
0.228,2.319701749928246,2.319701749928246,2.3586104868292406,2.2086096052719832,2.3088452450753882,2.310049898497224,2.208609238173884
0.23,2.326035200717883,2.326035200717883,2.5310138370167072,2.2086096052719832,2.31597580255775,2.316826759809833,2.208609238173884
0.232,2.3317654657180307,2.3317654657180307,1.3884799166738206,2.2087217821917413,2.3231063600401116,2.3236036211224422,2.2087214150936436
0.234,2.336892544928689,2.336892544928689,2.344701223504384,2.2087217821917413,2.3300804744260386,2.3301684562667653,2.2087214150936436
0.236,2.3414164383498584,2.3414164383498584,2.0834461233884602,2.2089105326643033,2.3371908306900466,2.3367452478198705,2.2089101655662056
0.238,2.3453371459815386,2.3453371459815386,2.0542472812559764,2.2089105326643033,2.344301186954054,2.3433220393729757,2.2089101655662056
0.24,2.3486546678237294,2.3486546678237294,2.6142046914418495,2.265427899979929,2.351689756657172,2.349935102161822,2.2654259753201473
0.242,2.3513690038764308,2.3513690038764308,2.399386598309877,2.265427899979929,2.3594279617301406,2.3566996492707863,2.2654259753201473
0.244,2.353480154139643,2.353480154139643,2.102240324592249,2.265558386168289,2.367166166803109,2.3634641963797507,2.265556461508507
0.246,2.3549881186133663,2.3549881186133663,2.4736067778757174,2.265558386168289,2.3755853054069003,2.370525459756624,2.265556461508507
0.248,2.3558928972976,2.3558928972976,1.8932064495430376,2.265719038917371,2.3844915496063783,2.377834829515056,2.2657171142575896
0.25,2.356194490192345,2.356194490192345,2.108125946420207,2.265719038917371,2.3933977938058564,2.385144199273488,2.2657171142575896
0.252,2.3813272314210634,2.3813272314210634,2.7691234317726336,2.5186984765675193,2.4032241114726487,2.392911531692599,2.4155641962870638
0.254,2.4064599726497815,2.4064599726497815,2.823565082819861,2.5186984765675193,2.423426531743615,2.415508049600432,2.4155641962870638
0.256,2.4315927138785,2.4315927138785,2.1692813176265044,2.518862911968983,2.444287805012094,2.4384404218192874,2.4156634689962004
0.258,2.456725455107218,2.456725455107218,2.8472683465484403,2.518862911968983,2.466080080850232,2.4618383449304875,2.4156634689962004
0.26,2.4818581963359367,2.4818581963359367,2.266640486995814,2.5190227866964983,2.488300189712591,2.4854504372998094,2.4156930295545003
0.262,2.506990937564655,2.506990937564655,2.3127808771391876,2.5190227866964983,2.51052029857495,2.5090625296691313,2.4156930295545003
0.264,2.5321236787933734,2.5321236787933734,2.447248387903453,2.5192146367651733,2.5335777000792645,2.533093966623144,2.41568943639703
0.266,2.557256420022092,2.557256420022092,2.54726739755774,2.5472890454579944,2.556979930672164,2.5572989074140193,2.41568943639703
0.268,2.58238916125081,2.58238916125081,2.909095084127614,2.6271038770607937,2.580382161265063,2.581503848204895,2.4155989084151503
0.27,2.6075219024795286,2.6075219024795286,2.47520422394747,2.6271038770607937,2.6044628608194618,2.6060504899287347,2.4155989084151503
0.272,2.6326546437082468,2.6326546437082468,2.5057751212913066,2.627293978660896,2.628789589545179,2.630722802993791,2.4153867613592923
0.274,2.6577873849369653,2.6577873849369653,-3.116643715181657,2.627293978660896,2.6531163182708966,2.6553951160588474,-1.6133192463965742
0.276,2.6829201261656834,2.6829201261656834,2.079914285607121,2.6275283297091176,2.6779316284102723,2.6803173499453727,2.0799142856071215
0.278,2.708052867394402,2.708052867394402,2.8401702298948956,2.722016971250335,2.7028956652116425,2.7053188618025725,2.556417785292299
0.28,2.7331856086231205,2.7331856086231205,2.6045535953333054,2.722252590699354,2.7278597020130126,2.7303203736597728,2.556601413370707
0.282,2.758318349851838,2.758318349851838,2.859444972030042,2.7349349002084558,2.753124730345653,2.7554824533215494,2.556601413370707
0.284,2.7834510910805563,2.7834510910805563,2.9222736229706534,2.735121402729199,2.7784569539039987,2.780685687126837,2.5566281229716212
0.286,2.808583832309275,2.808583832309275,2.6635300905890764,2.735121402729199,2.8037891774623445,2.8058889209321243,2.5566281229716212
0.288,2.833716573537993,2.833716573537993,2.9010621821459264,2.7352437588802836,2.8292645936901555,2.831178912929578,2.556479084378843
0.29,2.8588493147667116,2.8588493147667116,2.6070233682733273,2.7352437588802836,2.85475067376479,2.856484235657427,2.556479084378843
0.292,2.8839820559954297,2.8839820559954297,2.453360415060297,2.735415231959645,2.880236753839424,2.8817895583852757,2.4522589807776933
0.294,2.9091147972241482,2.9091147972241482,-3.0166452206851266,2.946406545600969,2.9057558034017665,2.9071311068473182,-2.314358239660122
0.296,2.934247538452867,2.934247538452867,-3.115395727420219,2.946557163329388,2.9312571839327504,2.9324752553949565,-2.314358239660122
0.298,2.959380279681585,2.959380279681585,2.8558993612932726,2.946557163329388,2.956758564463734,2.9578194039425947,1.35257489250819
0.3,2.9845130209103035,2.9845130209103035,-3.116767760286551,2.9466024778345337,2.982236447245807,2.9831740366220107,-2.344582120231091
0.302,3.0096457621390216,3.0096457621390216,-3.0757209489607407,2.9466024778345337,3.007693768060584,3.00852934135786,-2.344582120231091
0.304,3.03477850336774,3.03477850336774,2.2344180512163785,2.9466983433714145,3.0331510888753614,3.0338846460937092,1.729116677305103
0.306,3.0599112445964582,3.0599112445964582,2.727139772178891,2.9466983433714145,3.0585768973769634,3.0592450754759426,1.729116677305103
0.308,3.085043985825177,3.085043985825177,-3.056450366845393,-3.056950868573784,3.0839969497641597,3.0846103429776113,-1.9476858146187512
0.31,3.1101767270538954,3.1101767270538954,-2.342245731177195,-2.9944871298787965,3.1094170021513565,3.10997561047928,-1.9476858146187512
0.312,3.1353094682826135,3.1353094682826135,3.038076203434673,-2.994314343484154,3.134831062055936,3.1353519770259535,1.5347517346495902
0.314,-3.122743097668254,3.160442209511332,-2.915111250241051,-2.994314343484154,-3.1229245101605394,-3.12244794958079,-1.4117867814559684
0.316,-3.097610356439536,3.18557495074005,2.9972045089118216,-2.994170846322964,-3.097494775197428,-3.0970625690079485,1.493880040126739
0.318,-3.0724776152108175,3.2107076919687687,-2.513412970054097,-2.994170846322964,-3.0720333087785434,-3.0716604424466034,-2.0349538641355625
0.32,-3.047344873982099,3.2358404331974873,-3.0598192270020936,-2.9940588810163344,-3.0465404230095943,-3.0462513008056034,-2.0349538641355625
0.322,-3.0222121327533813,3.260973174426205,2.6885389903967227,-2.9940588810163344,-3.021047537240645,-3.0208421591646033,1.18521452161164
0.324,-2.9970793915246627,3.2861059156549235,-2.9011825715957906,-2.9338577934325194,-2.9954966505129486,-2.9954227437797813,-2.0476828608688846
0.326,-2.971946650295944,3.311238656883642,-2.697507618927062,-2.9338577934325194,-2.969915545301967,-2.970009430649782,-2.0476828608688846
0.328,-2.9468139090672256,3.3363713981123606,3.081859377297657,-2.933627220962529,-2.9443344400909854,-2.9445961175197826,1.5785349085125742
0.33,-2.921681167838507,3.361504139341079,-2.5658887773655636,-2.9048585262109206,-2.918702038137639,-2.919200442502214,-2.116695657612167
0.332,-2.8965484266097894,3.386636880569797,-2.566906980624246,-2.9047290809892568,-2.8930655661675813,-2.89383760315027,-2.1167903657313074
0.334,-2.871415685381071,3.4117696217985154,-2.7208050998700495,-2.9047290809892568,-2.8674290941975236,-2.868474763798326,-2.1167903657313074
0.336,-2.8462829441523523,3.436902363027234,2.595871919229456,-2.9046116990716992,-2.8417961220362633,-2.8431834525237125,1.0925474504443733
0.338,-2.8211502029236337,3.4620351042559525,-2.981273329033874,-2.9046116990716992,-2.8162131604089637,-2.81796454996684,-2.5711482039949876
0.34,-2.796017461694915,3.487167845484671,-2.723270484950212,-2.8846584325025755,-2.790630198781664,-2.7927456474099674,-2.5712957065693214
0.342,-2.7708847204661975,3.5123005867133887,-2.411048854730746,-2.8846584325025755,-2.7651589797388505,-2.767676347333037,-2.5712957065693214
0.344,-2.74575197923748,3.5374333279421064,-2.754808657588074,-2.88456837930638,-2.739816793896821,-2.7427275995283247,-2.5713515700133813
0.346,-2.7206192380087613,3.562566069170825,-3.0231682557278594,-2.88456837930638,-2.7144746080547915,-2.7177788517236126,-2.5713515700133813
0.348,-2.6954864967800427,3.5876988103995435,-2.940712556353583,-2.884542650439002,-2.6893996762208814,-2.6930734875718003,-2.571275056313463
0.35,-2.670353755551324,3.612831551628262,-2.6680352001881356,-2.884542650439002,-2.6645489108224094,-2.6685381613304275,-2.571275056313463
0.352,-2.6452210143226065,3.6379642928569798,2.610404594973522,-2.8843967252307183,-2.639698145423937,-2.6440028350890543,1.1070801261884393
0.354,-2.620088273093888,3.6630970340856983,-2.8049738166844436,-2.868330293519399,-2.6153000545392198,-2.6198063095064574,-2.537084611296964
0.356,-2.5949555318651694,3.688229775314417,-2.932707413865922,-2.8680946740703797,-2.5912240055585927,-2.595821703081036,-2.537216080979654
0.358,-2.569822790636451,3.7133625165431354,-2.6824423598302825,-2.864544255091087,-2.5671479565779656,-2.571837096655614,-2.537216080979654
0.36,-2.5446900494077322,3.738495257771854,-3.0488465806306007,-2.8643086356420677,-2.543713955768194,-2.5482710908751347,-2.537140252681579
0.362,-2.5195573081790146,3.7636279990005717,-2.0911636309434067,-2.5733806243767345,-2.5206869837361587,-2.5249422810904267,-2.537140252681579
0.364,-2.494424566950296,3.78876074022929,-2.8172737935248255,-2.573182426097623,-2.497660011704124,-2.5016134713057183,-2.536987370697724
0.366,-2.4692918257215775,3.8138934814580088,-2.666332793602033,-2.573182426097623,-2.4754382602226763,-2.4787501681367283,-2.536987370697724
0.368,-2.444159084492859,3.8390262226867273,-2.584444848174909,-2.57300532005776,-2.4536804978457236,-2.4569051365446986,-2.536832924751635
0.37,-2.4190263432641403,3.864158963915446,-2.7077267493056203,-2.57300532005776,-2.431922735468771,-2.4561674515986347,-2.536832924751635
0.372,-2.3938936020354227,3.8892917051441636,-1.852323797349217,-2.393397589115456,-2.4110780660870725,-2.455889447085483,-2.3933961463655136
0.374,-2.368760860806704,3.914424446372882,-2.206309251858709,-2.393397589115456,-2.3907142337294944,-2.45573731202625,-2.3933961463655136
0.376,-2.3593360828459344,-2.3593360828459344,-2.0560865768244785,-2.3934146175296447,-2.3798397242110747,-2.4555851769670163,-2.393413174779702
0.378,-2.3656192681531145,-2.3656192681531145,-2.5533095649562108,-2.3934146175296447,-2.3819493100426423,-2.4555732653250075,-2.393413174779702
0.38,-2.3719024534602937,-2.3719024534602937,-2.2543413599719333,-2.393511056056167,-2.3845117307987933,-2.4555500888770054,-2.3935096133062244
0.382,-2.3781856387674734,-2.3781856387674734,-2.8612105207719463,-2.393511056056167,-2.3870741515549443,-2.4555269124290033,-2.3935096133062244
0.384,-2.384468824074653,-2.384468824074653,-1.832368278367232,-2.3936191716037394,-2.390525024330196,-2.455542771500706,-2.3936177288537968
0.386,-2.3907520093818326,-2.3907520093818326,-2.0350363507486984,-2.3936191716037394,-2.3943661179791067,-2.4555656232383223,-2.3936177288537968
0.388,-2.3970351946890123,-2.3970351946890123,-2.667828412328525,-2.4352569628569203,-2.3982072116280175,-2.4555884749759387,-2.4352481334607314
0.39,-2.4033183799961915,-2.4033183799961915,-2.6342319124321136,-2.4352569628569203,-2.4028160605105824,-2.4556428587438046,-2.4352481334607314
0.392,-2.4096015653033716,-2.4096015653033716,-2.023253140352361,-2.4354531540680835,-2.4077304083516458,-2.455750971218484,-2.435444324671895
0.394,-2.4158847506105507,-2.4158847506105507,-2.602900233968349,-2.4354531540680835,-2.4126447561927096,-2.4558590836931633,-2.435444324671895
0.396,-2.422167935917731,-2.422167935917731,-2.5988196914852226,-2.43563092797978,-2.4181631516932263,-2.4561703520378213,-2.435622098583592
0.398,-2.42845112122491,-2.42845112122491,-2.1015359979008257,-2.43563092797978,-2.423894058497207,-2.4567325227122776,-2.435622098583592
0.4,-2.4347343065320897,-2.4347343065320897,-2.4197259049748876,-2.435811647618067,-2.4296249653011874,-2.4572946933867335,-2.435802818221879
0.402,-2.4410174918392693,-2.4410174918392693,-2.6428104384772255,-2.5001943712897297,-2.435779896242107,-2.458297692886674,-2.5001390007181814
0.404,-2.447300677146449,-2.447300677146449,-2.3573944941617104,-2.500429990738749,-2.44205916554508,-2.459548503149664,-2.5003746201672006
0.406,-2.4535838624536286,-2.4535838624536286,-2.782042129767444,-2.560226557163655,-2.448338434848053,-2.463022055893165,-2.529137337424982
0.408,-2.459867047760808,-2.459867047760808,-2.575848676040359,-2.5604249403371226,-2.454870576455713,-2.467311430621054,-2.529325910798629
0.41,-2.4661502330679874,-2.4661502330679874,-2.3232821756461344,-2.5604249403371226,-2.4614539864987495,-2.4718256260018445,-2.529325910798629
0.412,-2.472433418375167,-2.472433418375167,-3.02524365388828,-2.576752311495298,-2.468037396541786,-2.4763398213826355,-2.5294218506131636
0.414,-2.4787166036823467,-2.4787166036823467,-2.5515602793804386,-2.576752311495298,-2.4747312453236905,-2.481293966206611,-2.5294218506131636
0.416,-2.4849997889895263,-2.4849997889895263,-2.953937775490218,-2.5767916526068495,-2.481424633941198,-2.4864381646237854,-2.5294019589245895
0.418,-2.491282974296706,-2.491282974296706,-2.7784366405696974,-2.5767916526068495,-2.488118022558705,-2.4915823630409593,-2.5294019589245895
0.42,-2.4975661596038856,-2.4975661596038856,-2.2624847466234095,-2.57679326924317,-2.4948202475071284,-2.497100681999523,-2.529314547880347
0.422,-2.503849344911065,-2.503849344911065,-2.1155520386800637,-2.57679326924317,-2.501493464229957,-2.5027656349029086,-2.529314547880347
0.424,-2.510132530218245,-2.510132530218245,-2.7915304862004175,-2.576851141180617,-2.508166680952786,-2.508430587806294,-2.52925361260291
0.426,-2.516415715525424,-2.516415715525424,-2.4569300227845936,-2.576851141180617,-2.5147916495719977,-2.5143867440884438,-2.52925361260291
0.428,-2.522698900832604,-2.522698900832604,-2.4569833738579296,-2.5769852048219315,-2.5213801208493023,-2.5204460847694388,-2.529239109966026
0.43,-2.5289820861397834,-2.5289820861397834,-3.1091306534708414,-2.5769852048219315,-2.527968592126607,-2.5265054254504333,-2.529239109966026
0.432,-2.535265271446963,-2.535265271446963,-2.555593397633899,-2.5770764508646895,-2.5344922994660903,-2.532772399397428,-2.5291520562432144
0.434,-2.5415484567541426,-2.5415484567541426,-2.6989826854108263,-2.5770764508646895,-2.54098793930801,-2.5391054004467413,-2.5291520562432144
0.436,-2.5478316420613223,-2.5478316420613223,3.044454874896119,-2.5769640777063634,-2.5474835791499295,-2.5454384014960545,1.5411304061110365
0.438,-2.554114827368502,-2.554114827368502,-2.301748714762521,-2.546825168137123,-2.5539286764093885,-2.5519067594868083,-2.1047757829822697
0.44,-2.560398012675681,-2.560398012675681,-2.525718509888928,-2.5466312631848425,-2.560363025139046,-2.558413009261565,-2.1049145796072324
0.442,-2.566681197982861,-2.566681197982861,-2.414710934825128,-2.5466312631848425,-2.566797373868704,-2.564919259036322,-2.1049145796072324
0.444,-2.5729643832900404,-2.5729643832900404,-2.405989333191257,-2.546521863056831,-2.5732125595322293,-2.5715049809798645,-2.1048607897159113
0.446,-2.5792475685972205,-2.5792475685972205,-2.379483497745806,-2.546521863056831,-2.5796353571573922,-2.578108302875898,-2.1048607897159113
0.448,-2.5855307539043997,-2.5855307539043997,3.086363910511811,-2.546379382972914,-2.586058154782555,-2.584711624771932,1.5830394417267282
0.45,-2.5918139392115793,-2.5918139392115793,-2.4814401326100897,-2.546379382972914,-2.592495067103742,-2.5913526608559003,-2.2571053265505836
0.452,-2.598097124518759,-2.598097124518759,-2.4270769230728835,-2.5461900559881867,-2.5989512352854147,-2.5979945395576216,-2.2572791910332386
0.454,-2.6043803098259386,-2.6043803098259386,-2.1230478646379387,-2.5461900559881867,-2.6054074034670873,-2.604636418259343,-2.2572791910332386
0.456,-2.6106634951331182,-2.6106634951331182,-2.075183693020247,-2.5461703386201986,-2.6118977165869905,-2.6112802960304164,-2.257441085013988
0.458,-2.6169466804402974,-2.6169466804402974,-2.181368834786461,-2.5461703386201986,-2.6184053106353655,-2.6179060357610706,-2.257441085013988
0.46,-2.6232298657474775,-2.6232298657474775,-2.67201135805386,-2.584108960662647,-2.6249129046837405,-2.6245317754917243,-2.58384025892615
0.462,-2.6295130510546567,-2.6295130510546567,-2.961261901508333,-2.584108960662647,-2.6314479556466783,-2.631119164449059,-2.58384025892615
0.464,-2.635796236361837,-2.635796236361837,-2.326063131418104,-2.584298813181709,-2.6379793818038615,-2.6376621408398004,-2.5840301114452116
0.466,-2.642079421669016,-2.642079421669016,-2.547823026877276,-2.584298813181709,-2.6445108079610447,-2.644205117230542,-2.5840301114452116
0.468,-2.6483626069761956,-2.6483626069761956,-2.545873254815995,-2.5844821895742065,-2.6510260090054665,-2.6506555295884127,-2.584213487837709
0.47,-2.6546457922833753,-2.6546457922833753,-2.456648016779005,-2.5844821895742065,-2.657494857810017,-2.657025569266163,-2.584213487837709
0.472,-2.6609289775905545,-2.6609289775905545,-2.8426633985077183,-2.585199687063606,-2.6639637066145676,-2.6633956089439135,-2.5848853034294184
0.474,-2.6672121628977346,-2.6672121628977346,-2.326828174028711,-2.585199687063606,-2.670330283172291,-2.669600947992835,-2.5848853034294184
0.476,-2.6734953482049137,-2.6734953482049137,-2.623750046099065,-2.6127032581384135,-2.6765865079767255,-2.6756818109085345,-2.6122220641787095
0.478,-2.6797785335120934,-2.6797785335120934,-2.664628928505832,-2.6127032581384135,-2.68284273278116,-2.6817626738242346,-2.6122220641787095
0.48,-2.686061718819273,-2.686061718819273,-2.7177597305681562,-2.612910252494755,-2.688869871471752,-2.687592172099601,-2.612429058535051
0.482,-2.6923449041264527,-2.6923449041264527,-2.4414317923291606,-2.612910252494755,-2.694706610587821,-2.693250534280992,-2.612429058535051
0.484,-2.6986280894336323,-2.6986280894336323,-3.041702600452424,-2.917789070040846,-2.7005433497038895,-2.6989088964623824,-2.6322386744605284
0.486,-2.704911274740812,-2.704911274740812,-2.948480638794569,-2.917789070040846,-2.7059944534948723,-2.7042256665241275,-2.6322386744605284
0.488,-2.7111944600479916,-2.7111944600479916,-2.8276467626452955,-2.917995382975454,-2.7111703625821812,-2.7093306125132837,-2.6322650590070658
0.49,-2.717477645355171,-2.717477645355171,-2.855045786033371,-2.917995382975454,-2.7163462716694897,-2.7144355585024402,-2.6322650590070658
0.492,-2.723760830662351,-2.723760830662351,-2.9865025849480147,-2.9866850828402107,-2.7209735002837507,-2.7191215056843405,-2.632120197422705
0.494,-2.73004401596953,-2.73004401596953,2.750230092193197,-2.987466266598043,-2.725254842846626,-2.7235704153020754,1.2469056234081142
0.496,-2.7363272012767097,-2.7363272012767097,-3.0056186182514293,-2.987613318489275,-2.7295361854095006,-2.7280193249198104,-2.263101820112271
0.498,-2.7426103865838893,-2.7426103865838893,-3.0239094907581894,-2.987613318489275,-2.733137649637215,-2.732002752894237,-2.263101820112271
0.5,-2.748893571891069,-2.748893571891069,3.078828822236219,-2.9876319635353585,-2.7363644555075535,-2.7357236116843193,1.5755043534511362
0.502,-2.748893571891069,-2.748893571891069,-2.8270547276082483,-2.9876319635353585,-2.739591261377892,-2.737854807995216,-1.3237302588231656
0.504,-2.748893571891069,-2.748893571891069,2.6760807365482338,-2.9875385966500243,-2.7420950578070964,-2.7395214751715065,2.1469338486454035
0.506,-2.748893571891069,-2.748893571891069,3.1211114295276614,-2.9875385966500243,-2.744259566060382,-2.7409779763947815,2.1469338486454035
0.508,-2.748893571891069,-2.748893571891069,-3.0357346903112052,-2.9873380171608193,-2.746424074313668,-2.7424344776180565,-2.698602867512561
0.51,-2.748893571891069,-2.748893571891069,-2.755590955234383,-2.775221115330865,-2.74792781745754,-2.7434815404195345,-2.698602867512561
0.512,-2.748893571891069,-2.748893571891069,-2.526398920469984,-2.7750275780748,-2.749154104711528,-2.744367706865587,-2.6987515128854622
0.514,-2.748893571891069,-2.748893571891069,-2.639113365529335,-2.7750275780748,-2.7503803919655163,-2.7452538733116394,-2.6987515128854622
0.516,-2.748893571891069,-2.748893571891069,-2.9833569740048644,-2.7748647463776206,-2.751058222235619,-2.745825331419336,-2.698883683237278
0.518,-2.748893571891069,-2.748893571891069,-2.7135721747842156,-2.7748647463776206,-2.7515236787775312,-2.746296309249699,-2.698883683237278
0.52,-2.748893571891069,-2.748893571891069,-2.245383160711948,-2.774783380241523,-2.751989135319444,-2.7467672870800612,-2.6990500878258508
0.522,-2.748893571891069,-2.748893571891069,-3.003546345706405,-2.774783380241523,-2.7520299015140686,-2.747040648852912,-2.7108288265905873
0.524,-2.748893571891069,-2.748893571891069,-2.730132110486845,-2.7747660286379427,-2.751918106641145,-2.7472773652787956,-2.7110155303645036
0.526,-2.748893571891069,-2.748893571891069,-2.608444128945001,-2.7747660286379427,-2.7518063117682217,-2.7475140817046793,-2.7110155303645036
0.528,-2.748893571891069,-2.748893571891069,-2.818529656214518,-2.774739193100002,-2.7513873845553416,-2.7476569984062422,-2.7111525583537275
0.53,-2.748893571891069,-2.748893571891069,-3.0929234514929793,-2.774739193100002,-2.750870546482952,-2.7477982738227844,-2.7111525583537275
0.532,-2.748893571891069,-2.748893571891069,-2.3183464672825216,-2.7747535119158893,-2.7503537084105627,-2.7479395492393266,-2.711290520653847
0.534,-2.748893571891069,-2.748893571891069,-2.7349575572921605,-2.7747535119158893,-2.749640118215903,-2.7480756477806434,-2.711290520653847
0.536,-2.748893571891069,-2.748893571891069,-2.6434300637502663,-2.7748166129640928,-2.748883568297906,-2.748217231571254,-2.711437023879159
0.538,-2.748893571891069,-2.748893571891069,-2.4490564842810287,-2.7748166129640928,-2.7481270183799085,-2.7483588153618648,-2.711437023879159
0.54,-2.748893571891069,-2.748893571891069,-3.083673967887185,-2.774909410191865,-2.747286274121757,-2.748477985798975,-2.7233482467716557
0.542,-2.748893571891069,-2.748893571891069,-2.984892622776951,-2.774909410191865,-2.7464647884488236,-2.748605049876443,-2.7233482467716557
0.544,-2.748893571891069,-2.748893571891069,-2.505435408518674,-2.775014307549504,-2.74564330277589,-2.7487321139539107,-2.7234634043821693
0.546,-2.748893571891069,-2.748893571891069,-3.0384634680736085,-2.775014307549504,-2.7448646296630477,-2.7488761141857605,-2.7234634043821693
0.548,-2.748893571891069,-2.748893571891069,-3.0859361483890724,-2.7750383663561577,-2.744179527909294,-2.7490167109196024,-2.7234648354466535
0.55,-2.748893571891069,-2.748893571891069,-3.1377619250966773,-2.7750383663561577,-2.74349442615554,-2.7491573076534443,-2.7234648354466535
0.552,-2.748893571891069,-2.748893571891069,-2.55101385181685,-2.7749504165372647,-2.7430018520234345,-2.74928420571391,-2.5859573583676276
0.554,-2.748893571891069,-2.748893571891069,-2.2692902762978653,-2.7749504165372647,-2.7426893267793284,-2.749433732534078,-2.5859573583676276
0.556,-2.748893571891069,-2.748893571891069,-2.595771139527986,-2.774948249944548,-2.7423768015352223,-2.7495832593542464,-2.5857808534137945
0.558,-2.748893571891069,-2.748893571891069,-2.7537764515781067,-2.774948249944548,-2.742428550420367,-2.7497970445341005,-2.5857808534137945
0.56,-2.748893571891069,-2.748893571891069,-2.653639539411463,-2.7750760539358286,-2.7427533042992867,-2.7500965875247,-2.585615522500584
0.562,-2.748893571891069,-2.748893571891069,-2.5459026711697157,-2.7750760539358286,-2.743078058178206,-2.7503961305152993,-2.585615522500584
0.564,-2.748893571891069,-2.748893571891069,-2.7320537913334952,-2.775268962076138,-2.7439494295380085,-2.7508741163777684,-2.585396549635686
0.566,-2.748893571891069,-2.748893571891069,3.108620050588867,-2.8055265057361183,-2.745182605787935,-2.751501464088887,1.6052955818037844
0.568,-2.748893571891069,-2.748893571891069,-2.951963461880796,-2.805681173731651,-2.746415782037862,-2.752128811800006,-2.2500822441333526
0.57,-2.748893571891069,-2.748893571891069,-2.589038448643081,-2.805681173731651,-2.7483679192341195,-2.753051939283945,-2.2500822441333526
0.572,-2.748893571891069,-2.748893571891069,-2.712459211100607,-2.805803502143002,-2.750753237332439,-2.7541742330589982,-2.249972164572634
0.574,-2.748893571891069,-2.748893571891069,2.803487605194232,-2.805803502143002,-2.7531385554307586,-2.7552965268340515,2.078864300007559
0.576,-2.748893571891069,-2.748893571891069,2.8575654636059706,-2.80577116255882,-2.7563798266972572,-2.7568111572336798,2.078864300007559
0.578,-2.748893571891069,-2.748893571891069,-2.5418215329525244,-2.791599715036194,-2.7600954203330126,-2.758557494532251,-2.1906238524180774
0.58,-2.748893571891069,-2.748893571891069,-2.1706597852481573,-2.7915008168339206,-2.763811013968768,-2.760303831830822,-2.1908077016042906
0.582,-2.748893571891069,-2.748893571891069,-2.5212464244777766,-2.7915008168339206,-2.7684598971623986,-2.7625047026523295,-2.1908077016042906
0.584,-2.748893571891069,-2.748893571891069,-2.4384507316782784,-2.7916365330722432,-2.787696105910331,-2.7649466675970356,-2.190849174113457
0.586,-2.748893571891069,-2.748893571891069,-2.785083598281918,-2.7916365330722432,-2.822094129022479,-2.772676688565027,-2.190849174113457
0.588,-2.748893571891069,-2.748893571891069,3.007735901630493,-2.8208410120091694,-2.857399110397702,-2.822075916575102,1.5044114328454106
0.59,-2.748893571891069,-2.748893571891069,-2.567050666844728,-2.8208410120091694,-2.8929444214766704,-2.8716449484839024,-1.8413113076206402
0.592,-2.748893571891069,-2.748893571891069,-2.6188964171816256,-2.821005176328789,-2.9284897325556387,-2.921213980392703,-1.8413113076206402
0.594,-3.141592653589793,-3.141592653589793,2.6522732486382874,3.098312700935582,-2.9642277436303024,-2.97089904461591,1.1489487798532048
0.596,-3.141592653589793,-3.141592653589793,-2.899621580566462,3.098101953883842,-2.9994682558529684,-3.0202735001754446,-1.3962971117813792
0.598,-3.141592653589793,-3.141592653589793,2.8613222221515118,3.098101953883842,-3.0347087680756344,-3.069647955734979,1.3579977533664291
0.6,-3.141592653589793,-3.141592653589793,-2.8581979534336526,3.097901631379785,-3.0691459773750136,-3.1185679483118265,-1.35487348464857
0.602,-3.141592653589793,-3.141592653589793,2.9983143925547666,3.097901631379785,-3.103054404773148,-3.1267942858055977,2.630351571483136
0.604,-3.141592653589793,-3.141592653589793,3.0517180573288254,3.097709538637732,-3.1240311553955187,-3.129124183503748,2.6304634342107334
0.606,-3.141592653589793,-3.141592653589793,3.0695971973777114,3.097709538637732,-3.127996471014387,-3.1309880368959218,2.6304634342107334
0.608,-3.141592653589793,-3.141592653589793,2.6610192232788883,3.0976129795393463,-3.1315011895411624,-3.1326363915786235,2.6303779482331526
0.61,-3.141592653589793,-3.141592653589793,2.8747099346158365,3.0976129795393463,-3.1350059080679378,-3.1342847462613252,2.6303779482331526
0.612,-3.141592653589793,-3.141592653589793,-2.8457328621911224,3.0975708039653815,-3.1376006479619414,-3.135511235829652,-2.177773583221855
0.614,-3.141592653589793,-3.141592653589793,-3.01313877303767,3.0975708039653815,-3.139777063845061,-3.1365632571776283,-2.177773583221855
0.616,-3.141592653589793,-3.141592653589793,3.0855983933192848,3.0974848599292537,3.1412318274514055,-3.1376152785256046,2.3543167500122504
0.618,-3.141592653589793,-3.141592653589793,3.12635957549032,3.0974848599292537,3.13988017777028,-3.1383252165440756,2.3543167500122504
0.62,-3.141592653589793,-3.141592653589793,-2.950131013943001,3.097332037022981,3.138877969310219,-3.138914064747438,-1.4468065451579182
0.622,-3.141592653589793,-3.141592653589793,3.1410531341429144,3.097332037022981,3.137875760850158,-3.1395029129508,2.7118626726980692
0.624,-3.141592653589793,-3.141592653589793,2.8853704727731793,3.0971640655470924,3.13756145954162,-3.1398538478299165,2.712003805566271
0.626,-3.141592653589793,-3.141592653589793,2.6579612185469244,3.0971640655470924,3.137504803711679,-3.140143557084748,2.712003805566271
0.628,-3.141592653589793,-3.141592653589793,3.0746760761835605,3.0970951137492726,3.1374481478817375,-3.1404332663395795,2.7120020998798067
0.63,-3.141592653589793,-3.141592653589793,2.8316214059139178,3.0970951137492726,3.1378977653214246,-3.140602483931604,2.7120020998798067
0.632,-3.141592653589793,-3.141592653589793,2.8523547014433377,3.0971789746634277,3.1384957898387396,-3.1407723187966554,2.7119113366984546
0.634,-3.141592653589793,-3.141592653589793,3.0439846167683826,3.0971789746634277,3.1390938143560545,-3.1409421536617064,2.7119113366984546
0.636,-3.141592653589793,-3.141592653589793,-3.0027098366491405,3.0973226895768358,3.1399822438545075,-3.141070239521661,-2.5040116783403876
0.638,-3.141592653589793,-3.141592653589793,-2.632040577250424,3.0973226895768358,3.1408989525128708,-3.1412027936594424,-2.5040116783403876
0.64,-3.141592653589793,-3.141592653589793,-2.9563455337085713,3.0973230124817595,-3.1413696460083527,-3.1413353477972237,-2.5039999838413283
0.642,-3.141592653589793,-3.141592653589793,-2.928251845540403,3.0973230124817595,-3.1403997270400184,-3.141477879293521,-2.5039999838413283
0.644,-3.141592653589793,-3.141592653589793,2.514690068563718,3.097251374967601,-3.1395251304149663,3.141567745235847,1.0113655997786353
0.646,-3.141592653589793,-3.141592653589793,-2.862659803668589,3.097251374967601,-3.138650533789914,3.14142806258563,-2.2190964496124805
0.648,-3.141592653589793,-3.141592653589793,-3.0788575643414604,3.0971632483327682,-3.137966473353449,3.141291769206507,-2.2190964496124805
0.65,-3.141592653589793,-3.141592653589793,2.7751814217174737,3.0971632483327682,-3.137496571715315,3.1411161580913554,2.112278683044338
0.652,-3.141592653589793,-3.141592653589793,2.9527004131563084,3.0970809083361717,-3.1370266700771814,3.140940546976204,2.112278683044338
0.654,-3.141592653589793,-3.141592653589793,-2.8392566687999987,3.0970809083361717,-3.1369811970698054,3.1406653357276837,-1.335932200014916
0.656,-3.141592653589793,-3.141592653589793,2.704207308619224,3.0970792370400724,-3.1372551672037963,3.1402781916135787,1.2008828398341416
0.658,-3.141592653589793,-3.141592653589793,-2.7571339817090155,3.0970792370400724,-3.137529137337787,3.139891047499474,-1.2538095129239328
0.66,-3.141592653589793,-3.141592653589793,2.8514097523352273,3.097056219753494,-3.1384342429971515,3.139281398962475,2.5183061258134214
0.662,-3.141592653589793,-3.141592653589793,2.9805717250613943,3.097056219753494,-3.139741997888387,3.138503256758642,2.5183061258134214
0.664,-3.141592653589793,-3.141592653589793,2.8589280984106846,3.097060331429641,-3.1410497527796224,3.137725114554809,2.5183115036689747
0.666,-3.141592653589793,-3.141592653589793,2.8856501519425364,3.097060331429641,3.140033712891155,3.136613952642115,2.5183115036689747
0.668,-3.141592653589793,-3.141592653589793,-3.097918342338943,3.0971397137523566,3.1374750050635933,3.1352901825230095,-2.214949382567097
0.67,-3.141592653589793,-3.141592653589793,-2.835304891580349,3.0971397137523566,3.134916297236032,3.133966412403904,-2.214949382567097
0.672,-3.141592653589793,-3.141592653589793,3.0218439620431488,3.0971953776142613,3.1314574752304543,3.1322243542333372,1.5185194932580661
0.674,-3.141592653589793,-3.141592653589793,-2.9987287479430007,3.0971953776142613,3.127520270061795,3.1302447036029877,-1.495404279157918
0.676,-3.141592653589793,-3.141592653589793,2.8338346021279377,3.097219873582666,3.1235830648931353,3.128265052972638,1.330510133342855
0.678,-3.141592653589793,-3.141592653589793,-2.7514241472122847,3.097219873582666,3.1029387119654954,3.1258197510982653,-1.248099678427202
0.68,-3.141592653589793,-3.141592653589793,3.1318733898772075,3.0971827443101017,3.0681177016209604,3.117730303698682,1.628548921092125
0.682,-3.141592653589793,-3.141592653589793,-2.879045462928541,3.0971827443101017,3.0332966912764254,3.0685984948405123,-2.2353653043015087
0.684,-3.141592653589793,-3.141592653589793,-3.09500961445957,3.097009551564913,2.997673048547772,3.0190123100848645,-2.2353653043015087
0.686,-3.141592653589793,-3.141592653589793,2.84203212453954,2.8428307976079426,2.9620309073917697,2.9693861478871906,2.512993462729425
0.688,2.748893571891069,-3.5342917352885173,2.7049291244800604,2.7320973563843634,2.926388766235768,2.9197599856895167,2.513147419848158
0.69,2.748893571891069,-3.5342917352885173,2.648986687734667,2.7320973563843634,2.8909405353758033,2.870250158473032,2.513147419848158
0.692,2.748893571891069,-3.5342917352885173,2.551562677016985,2.7319114122544077,2.8560702028253253,2.8210729253899625,2.5131924494616875
0.694,2.748893571891069,-3.5342917352885173,2.6269818293983302,2.7319114122544077,2.8211998702748478,2.771895692306893,2.5131924494616875
0.696,2.748893571891069,-3.5342917352885173,2.8371883686523898,2.731766635721131,2.7872367407037357,2.763683072399095,2.513141546017202
0.698,2.748893571891069,-3.5342917352885173,2.8829317358491955,2.731766635721131,2.7667078395866325,2.7615860849518494,2.513141546017202
0.7,2.748893571891069,-3.5342917352885173,2.0799403027058476,2.731700378537666,2.762281885093827,2.759489097504604,2.423131131922657
0.702,2.748893571891069,-3.5342917352885173,2.766990175636996,2.731700378537666,2.7587932234298354,2.7578480576686313,2.423131131922657
0.704,2.748893571891069,-3.5342917352885173,-3.006683223411331,2.7316216706854535,2.7557541872387534,2.756410698368808,-1.5033587546262484
0.706,2.748893571891069,-3.5342917352885173,2.1619147552810243,2.7316216706854535,2.7527151510476715,2.754973339068984,0.658590286495934
0.708,2.748893571891069,-3.5342917352885173,-3.135350039957281,2.7314760492079246,2.750563693948669,2.7539349158304844,-1.6320255711721983
0.71,2.748893571891069,-3.5342917352885173,2.924076142243564,2.7314760492079246,2.7488103991275032,2.753054490587383,2.503902127861433
0.712,2.748893571891069,-3.5342917352885173,2.315597365090951,2.7313897774943854,2.7470571043063376,2.752174065344281,2.5041015276121503
0.714,2.748893571891069,-3.5342917352885173,2.634860512253353,2.7313897774943854,2.7460883795544375,2.7516037011878454,2.5041015276121503
0.716,2.748893571891069,-3.5342917352885173,2.149823020484804,2.7314453311663476,2.7454406600752823,2.7511355722198774,2.5042999293041968
0.718,2.748893571891069,-3.5342917352885173,2.498091354744943,2.7314453311663476,2.744792940596127,2.7506674432519094,2.5042999293041968
0.72,2.748893571891069,-3.5342917352885173,3.072574629419218,2.757972480550961,2.744776795563346,2.75040053199646,2.570436626622417
0.722,2.748893571891069,-3.5342917352885173,2.9888268557538726,2.757972480550961,2.7449832231795166,2.750175887140509,2.570436626622417
0.724,2.748893571891069,-3.5342917352885173,2.648792790073754,2.7580902451592415,2.745189650795687,2.7499512422845576,2.5704365358926715
0.726,2.748893571891069,-3.5342917352885173,2.7171938056232072,2.7580902451592415,2.7458330088915526,2.7498078242158948,2.5704365358926715
0.728,2.748893571891069,-3.5342917352885173,2.547221905558117,2.7582284624160605,2.7465851461593425,2.7496552047463103,2.57033906275434
0.73,2.748893571891069,-3.5342917352885173,2.7441291476703906,2.7582284624160605,2.747337283427132,2.7495025852767263,2.57033906275434
0.732,2.748893571891069,-3.5342917352885173,2.7280451156751306,2.758413091435371,2.748301552081636,2.7493782623968572,2.5701702068634322
0.734,2.748893571891069,-3.5342917352885173,2.6175617301536467,2.758413091435371,2.7492523322509976,2.7492476825771215,2.5701702068634322
0.736,2.748893571891069,-3.5342917352885173,-2.9113943320012523,2.8871120430540778,2.750203112420359,2.7491171027573853,-1.4080698632161697
0.738,2.748893571891069,-3.5342917352885173,2.996918302198318,2.8871120430540778,2.751124701044704,2.7489713276590244,2.687439122855529
0.74,2.748893571891069,-3.5342917352885173,3.0822925135397163,2.8871476061227024,2.7519097905976855,2.748833294851461,2.6875643000233134
0.742,2.748893571891069,-3.5342917352885173,2.9485346293054673,2.8871476061227024,2.752694880150667,2.7486952620438974,2.6875643000233134
0.744,2.748893571891069,-3.5342917352885173,2.833279410764497,2.88713416075068,2.7532083466383965,2.748541670987029,2.6875152969950604
0.746,2.748893571891069,-3.5342917352885173,2.6710006381241227,2.88713416075068,2.7534700526255005,2.7483186379985205,2.6875152969950604
0.748,2.748893571891069,-3.5342917352885173,3.0962384085443317,2.887120703858459,2.753731758612605,2.7480956050100116,2.6873411167990233
0.75,2.748893571891069,-3.5342917352885173,-3.0322974171549664,2.887120703858459,2.753495167716597,2.7477301338166056,-2.2888056215375845
0.752,2.748893571891069,-3.5342917352885173,-3.0486382947053032,2.8869967353663,2.752908118288561,2.7472331905089638,-2.2888056215375845
0.754,2.748893571891069,-3.5342917352885173,2.296743718585404,2.734286303649126,2.7523210688605246,2.7467362472013215,2.2023944107264763
0.756,2.748893571891069,-3.5342917352885173,2.1093549160199414,2.7342174948661233,2.7510421115470787,2.745978188618658,2.2026300301754955
0.758,2.748893571891069,-3.5342917352885173,2.5955721911902145,2.7342174948661233,2.7493386885584994,2.745035532073317,2.38133062420595
0.76,2.748893571891069,-3.5342917352885173,2.4344970211485664,2.7343843055321395,2.74763526556992,2.744092875527976,2.3815244290561166
0.762,2.748893571891069,-3.5342917352885173,2.9661159989656523,2.793276455550909,2.745095088351303,2.742785783676531,2.3815244290561166
0.764,2.748893571891069,-3.5342917352885173,2.6504284689760578,2.793507348733761,2.7420870941872955,2.7412554763188606,2.38154248676003
0.766,2.748893571891069,-3.5342917352885173,2.7631010506394764,2.793507348733761,2.739079100023288,2.7397251689611903,2.38154248676003
0.768,2.748893571891069,-3.5342917352885173,-3.010444411008245,2.8873071713686844,2.735149528589668,2.7377562452818704,-2.4816106019243778
0.77,2.748893571891069,-3.5342917352885173,-2.9568372904911824,2.8873071713686844,2.7307417061289057,2.735546578996246,-2.4816106019243778
0.772,2.748893571891069,-3.5342917352885173,-2.98079167326419,2.8872875997510343,2.7105384972778443,2.7333369127106213,-2.4815277021297484
0.774,2.748893571891069,-3.5342917352885173,2.932162745897626,2.8872875997510343,2.6756597517648366,2.725274040865413,2.438120830461871
0.776,2.748893571891069,-3.5342917352885173,3.1033672540053674,2.8870929375675907,2.640403050159964,2.6758624195993903,2.4381744937469354
0.778,2.748893571891069,-3.5342917352885173,2.4259423205787445,2.6094118203734555,2.6051463485550905,2.6264507983333676,2.4381744937469354
0.78,2.748893571891069,-3.5342917352885173,2.7927566216067743,2.6091762009244364,2.569293570641664,2.5766666530641498,2.4379925375829807
0.782,2.356194490192345,-3.9269908169872414,1.9736032972549937,2.344019921556503,2.533745020540353,2.527076953544795,2.343980904733011
0.784,2.356194490192345,-3.9269908169872414,1.97882873759876,2.3438995864914993,2.4981964704390425,2.47748725402544,2.3438605696680077
0.786,2.356194490192345,-3.9269908169872414,2.412654334935339,2.3438995864914993,2.46324510206466,2.4282703470568916,2.3438605696680077
0.788,2.356194490192345,-3.9269908169872414,2.5398884604694425,2.3438527550408406,2.428855934170462,2.379337919587541,2.3438137382173494
0.79,2.356194490192345,-3.9269908169872414,2.2048204342777127,2.3438527550408406,2.3944667662762638,2.3709336386281805,2.3438137382173494
0.792,2.356194490192345,-3.9269908169872414,2.2778157400311425,2.343796167696361,2.3748125912533693,2.3688260225481836,2.34375715087287
0.794,2.356194490192345,-3.9269908169872414,2.572565811035641,2.343796167696361,2.370668595053624,2.366943940623458,2.34375715087287
0.796,2.356194490192345,-3.9269908169872414,2.433118905451914,2.3437214884145927,2.3665245988538786,2.3650618586987315,2.3436824715911024
0.798,2.356194490192345,-3.9269908169872414,2.044759488579805,2.3437214884145927,2.3633050030623908,2.3636212945166353,2.3436824715911024
0.8,2.356194490192345,-3.9269908169872414,2.2648673811306903,2.3436559009138773,2.3605178260112134,2.3623713393228076,2.343616884090387
0.802,2.356194490192345,-3.9269908169872414,2.781388732723334,2.3436559009138773,2.357730648960036,2.36112138412898,2.343616884090387
0.804,2.356194490192345,-3.9269908169872414,2.618041993732998,2.343537579435687,2.3557970651263216,2.3602451531450583,2.3434985626121962
0.806,2.356194490192345,-3.9269908169872414,2.0551624287952297,2.343537579435687,2.3542366524829723,2.359510642702862,2.3434985626121962
0.808,2.356194490192345,-3.9269908169872414,2.648653463515081,2.34330463768625,2.352676239839623,2.358776132260665,2.343265620862759
0.81,2.356194490192345,-3.9269908169872414,2.119165699703758,2.3271389915661334,2.3518530818020986,2.358320116751965,2.327121211267428
0.812,2.356194490192345,-3.9269908169872414,2.515441019869274,2.326906616053754,2.351326423579012,2.3579489902149424,2.3268888357550486
0.814,2.356194490192345,-3.9269908169872414,2.348317317896565,2.326906616053754,2.350799765355926,2.3575778636779194,2.3268888357550486
0.816,2.356194490192345,-3.9269908169872414,2.032274638025498,2.279692643422233,2.3508596233560572,2.357374045701712,2.2796910009028197
0.818,2.356194490192345,-3.9269908169872414,2.319630601755351,2.279692643422233,2.3511278284474897,2.35719549649413,2.2796910009028197
0.82,2.356194490192345,-3.9269908169872414,2.028405691417521,2.2795681713599736,2.3513960335389226,2.3570169472865485,2.2795665288405598
0.822,2.356194490192345,-3.9269908169872414,2.1044350935165386,2.2795681713599736,2.352076729944777,2.3568826594702745,2.2795665288405598
0.824,2.356194490192345,-3.9269908169872414,2.0095323435773103,2.2795470969161977,2.3528706310190013,2.3567368905609287,2.279545454396784
0.826,2.356194490192345,-3.9269908169872414,1.832995584001611,2.2795470969161977,2.3536645320932257,2.3565911216515825,2.279545454396784
0.828,2.356194490192345,-3.9269908169872414,2.1330746064553456,2.2796894108052386,2.354682259440186,2.356468554854239,2.2796877682858248
0.83,2.356194490192345,-3.9269908169872414,2.81985606581682,2.3003927292723314,2.3557139377577907,2.3563389821368745,2.3003927292723314
0.832,2.356194490192345,-3.9269908169872414,2.3099823499224987,2.300545236571592,2.3567456160753952,2.3562094094195105,2.300545236571592
0.834,2.356194490192345,-3.9269908169872414,3.0269937519292185,2.300545236571592,2.357803729915837,2.3560647366611653,2.300545236571592
0.836,2.356194490192345,-3.9269908169872414,2.2689003041652946,2.3005054348720595,2.3587745893214507,2.3559234085925502,2.3005054348720595
0.838,2.356194490192345,-3.9269908169872414,2.242061425574737,2.3005054348720595,2.359745448727064,2.355782080523935,2.3005054348720595
0.84,2.356194490192345,-3.9269908169872414,2.1445246861215894,2.3003900574769807,2.3605414412671983,2.3556510877827326,2.3003900574769807
0.842,2.356194490192345,-3.9269908169872414,2.2463855102985937,2.3003900574769807,2.3611498313433525,2.3554946733507665,2.3003900574769807
0.844,2.356194490192345,-3.9269908169872414,2.291026897019449,2.3003182424348707,2.361758221419507,2.3553382589188003,2.3003182424348707
0.846,2.356194490192345,-3.9269908169872414,1.9307463524798154,2.3003182424348707,2.3619926867776737,2.3551057343822124,2.3003182424348707
0.848,2.356194490192345,-3.9269908169872414,2.6448050473630205,2.300260325478577,2.361944598631259,2.3547766180094873,2.300260325478577
0.85,2.356194490192345,-3.9269908169872414,2.034438907341278,2.300260325478577,2.361896510484845,2.3544475016367623,2.300260325478577
0.852,2.356194490192345,-3.9269908169872414,2.314558390682956,2.3002459068847565,2.361287039332404,2.35392504248037,2.3002459068847565
0.854,2.356194490192345,-3.9269908169872414,2.178783416704331,2.3002459068847565,2.3603118989623595,2.353249095318331,2.3002459068847565
0.856,2.356194490192345,-3.9269908169872414,2.199519356175573,2.3003059667534274,2.3593367585923155,2.3525731481562917,2.3003059667534274
0.858,2.356194490192345,-3.9269908169872414,2.634889001018528,2.3003059667534274,2.357637075273508,2.351592900635249,2.3003059667534274
0.86,2.356194490192345,-3.9269908169872414,2.420733881347209,2.3003295205622813,2.355507796450116,2.3504118474858173,2.3003295205622813
0.862,2.356194490192345,-3.9269908169872414,2.2919465676529396,2.3003295205622813,2.353378517626724,2.3492307943363855,2.3003295205622813
0.864,2.356194490192345,-3.9269908169872414,2.6048181238857095,2.3002351408292183,2.3503999106759808,2.3476537367265826,2.3002351408292183
0.866,2.356194490192345,-3.9269908169872414,2.254066226976185,2.3002351408292183,2.346953353976013,2.3458448247282857,2.3002351408292183
0.868,2.356194490192345,-3.9269908169872414,2.0737766467205487,2.300137140400253,2.3435067972760453,2.344035912729989,2.300137140400253
0.87,2.356194490192345,-3.9269908169872414,2.0117555235199807,2.300137140400253,2.3391363768604343,2.3417717147908577,2.300137140400253
0.872,2.356194490192345,-3.9269908169872414,2.4208305311482965,2.3001084346116634,2.334288493104025,2.339266671482274,2.3001084346116634
0.874,2.356194490192345,-3.9269908169872414,2.9884593299839772,2.3001084346116634,2.196732332524485,2.285279616303785,2.3001084346116634
0.876,2.061769105316813,2.061769105316813,2.355275630289835,2.2999894844131252,1.819990526619612,1.8815980140762454,2.2999894844131252
0.878,1.5146538117223316,1.5146538117223316,1.8752808758071597,1.875733481256856,1.4431305717354368,1.4778794542913285,1.875733481256856
0.88,1.0203797618561774,1.0203797618561774,1.16095652873225,1.1604788444562733,1.066270616851262,1.0741608945064116,1.1604788444562733
0.882,0.5756118246106472,0.5756118246106472,0.49772295657317633,0.49826904692135726,0.6894357777909841,0.6705276613765604,0.49826904692135726
0.884,0.17706127406970573,0.17706127406970573,-0.15018747665468402,-0.15003004885262172,0.3131543546996302,0.26721126792274397,-0.15003004885262172
0.886,-0.17850342871918867,-0.17850342871918867,-0.15712160574942968,-0.15694428428294585,-0.0631270683917236,-0.13610512553107249,-0.15694428428294585
0.888,-0.4942459057612538,-0.4942459057612538,-0.6492878754467845,-0.649101826616464,-0.4385250328966374,-0.4936308120397883,-0.649101826616464
0.89,-0.7732512838107093,-0.7732512838107093,-0.7571708683133827,-0.7420496586554957,-0.7713883608722485,-0.7726957210155677,-0.7420496586554957
0.892,-1.0185158753244523,-1.0185158753244523,-0.7266451575813387,-0.7422852781045148,-1.0181365577776689,-1.0184953190615451,-0.7422852781045148
0.894,-1.2329372330320711,-1.2329372330320711,-1.76539897157806,-1.4505070034893197,-1.2324304898241445,-1.2327204840697177,-1.4505070034893197
0.896,-1.4193046980389235,-1.4193046980389235,-1.1371392881380706,-1.4507426229383389,-1.4186024103147838,-1.4188892000299478,-1.4507426229383389
0.898,-1.58029056536028,-1.58029056536028,-1.7467026657631108,-1.6076405751121536,-1.5804025606176952,-1.5803067586470907,-1.6076405751121536
0.9,-1.7184419928108916,-1.7184419928108916,-1.4691370637426382,-1.6078761945611728,-1.718233001245744,-1.7182485465864035,-1.6078761945611728
0.902,-1.8361737788500894,-1.8361737788500894,-1.6962087130683874,-1.617938650678168,-1.8356137688241023,-1.8357653286088944,-1.617938650678168
0.904,-1.935762131906689,-1.935762131906689,-1.5379941743217707,-1.6181742701271873,-1.9357817691905503,-1.9356956884874394,-1.6181742701271873
0.906,-2.0193395474911537,-2.0193395474911537,-2.3866111248853428,-2.284806045506682,-2.0189196899685453,-2.0189917879501396,-2.284806045506682
0.908,-2.0888908996867697,-2.0888908996867697,-2.719245995478393,-2.284957592675123,-2.0880172421668446,-2.0882249916269235,-2.284957592675123
0.91,-2.146250840097391,-2.146250840097391,-2.6690647808828394,-2.284957592675123,-2.1457540387840877,-2.1457479651033955,-2.284957592675123
0.912,-2.1931025798045045,-2.1931025798045045,-2.50598905395366,-2.2849301222346834,-2.1920739781779353,-2.1922483143507585,-2.2849301222346834
0.914,-2.2309781082619877,-2.2309781082619877,-2.1487240499693225,-2.2849301222346834,-2.2293850981608987,-2.229760751298019,-2.2849301222346834
0.916,-2.2612598774046093,-2.2612598774046093,-2.164628789447084,-2.284848100201555,-2.259767500242091,-2.26001263671391,-2.284848100201555
0.918,-2.2851839498378346,-2.2851839498378346,-2.250357785607041,-2.284848100201555,-2.282942717222901,-2.2833152326813932,-2.284848100201555
0.92,-2.3038445773224003,-2.3038445773224003,-2.0315215785976624,-2.2848518119930556,-2.3007333780142467,-2.30111423863694,-2.2848518119930556
0.922,-2.3182001406495836,-2.3182001406495836,-2.2365642985938115,-2.2848518119930556,-2.3146164492308903,-2.3149847476279595,-2.2848518119930556
0.924,-2.329080345499714,-2.329080345499714,-1.9388628465699922,-2.2849629177891453,-2.324132578232429,-2.3249629231130426,-2.2849629177891453
0.926,-2.337194532367363,-2.337194532367363,-2.3082012903142735,-2.2849629177891453,-2.3305132036192657,-2.3316389387991516,-2.2849629177891453
0.928,-2.3431409237889254,-2.3431409237889254,-2.7670228419316993,-2.2850568049230864,-2.335670878900688,-2.3349695597295086,-2.2850568049230864
0.93,-2.3474166008299164,-2.3474166008299164,-2.187561727067991,-2.2850568049230864,-2.3398864692574763,-2.3365292070389154,-2.2850568049230864
0.932,-2.3504279751457124,-2.3504279751457124,-2.2320829956469965,-2.2850951031029667,-2.3436417701212076,-2.3378585349330687,-2.2850951031029667
0.934,-2.352501505017664,-2.352501505017664,-2.4852483714334093,-2.2850951031029667,-2.347397070984939,-2.339187862827222,-2.2850951031029667
0.936,-2.353894395545387,-2.353894395545387,-2.5476991605073467,-2.28508444496192,-2.350246644135164,-2.340069007873805,-2.28508444496192
0.938,-2.354805026256801,-2.354805026256801,-1.9003483707345556,-2.28508444496192,-2.3526912081497993,-2.3407699603169396,-2.28508444496192
0.94,-2.355382864807288,-2.355382864807288,-1.983048585030351,-2.285109048818021,-2.3551357721644344,-2.3414709127600744,-2.285109048818021
0.942,-2.35573765338044,-2.35573765338044,-2.75692251119305,-2.285109048818021,-2.3567868642689835,-2.341835090571708,-2.285109048818021
0.944,-2.3559476940417166,-2.3559476940417166,-2.3938993819823553,-2.2851503982085433,-2.3581220160643803,-2.3421307891411307,-2.2851503982085433
0.946,-2.3560671086270313,-2.3560671086270313,-2.288061862473081,-2.2851503982085433,-2.359457167859777,-2.3424264877105534,-2.2851503982085433
0.948,-2.3561320045804126,-2.3561320045804126,-2.122670636103716,-2.2851256686384307,-2.360170266557313,-2.3425273679215914,-2.2851256686384307
0.95,-2.3561655362737577,-2.3561655362737577,-2.332663444568916,-2.2851256686384307,-2.360668985449641,-2.342620552537719,-2.2851256686384307
0.952,-2.3561819068711976,-2.3561819068711976,-2.359240065713734,-2.2851069363777063,-2.3611677043419688,-2.3427137371538462,-2.2851069363777063
0.954,-2.3561894037678996,-2.3561894037678996,-2.0949771931426797,-2.2851069363777063,-2.3612391860246973,-2.3428137752579916,-2.2851069363777063
0.956,-2.356192596681256,-2.356192596681256,-1.6948885399121174,-2.285191710368627,-2.36119160592727,-2.342901011800696,-2.285191710368627
0.958,-2.356193848610332,-2.356193848610332,-2.2881507911086865,-2.285191710368627,-2.3611440258298426,-2.3429882483434,-2.285191710368627
0.96,-2.3561942951023758,-2.3561942951023758,-2.4249709291921917,-2.2853766434797054,-2.360852967140822,-2.3430345173984204,-2.2853766434797054
0.962,-2.356194437857031,-2.356194437857031,-2.641720084089842,-2.2853766434797054,-2.360518976207589,-2.3430844419370347,-2.2853766434797054
0.964,-2.3561944780623287,-2.3561944780623287,-2.354303098799971,-2.2854722787947344,-2.3601849852743557,-2.343134366475649,-2.2854722787947344
0.966,-2.3561944878251726,-2.3561944878251726,-2.4612164156809166,-2.2854722787947344,-2.3597554513659142,-2.343208439837659,-2.2854722787947344
0.968,-2.3561944898157328,-2.3561944898157328,-2.239757986079813,-2.2854805073529403,-2.359333541229399,-2.343270175113181,-2.2854805073529403
0.97,-2.3561944901454512,-2.3561944901454512,-2.3614681736064487,-2.2854805073529403,-2.358911631092884,-2.3433319103887023,-2.2854805073529403
0.972,-2.3561944901880087,-2.3561944901880087,-2.21098628433234,-2.2854678482398665,-2.358493696398976,-2.343365320115008,-2.2854678482398665
0.974,-2.356194490192067,-2.356194490192067,-1.8210968944227364,-2.2854678482398665,-2.3581080149177325,-2.3433999710031133,-2.2854678482398665
0.976,-2.3561944901923337,-2.3561944901923337,-2.2319335928894017,-2.2855360618973792,-2.3577223334364894,-2.3434346218912183,-2.2855360618973792
0.978,-2.3561944901923444,-2.3561944901923444,-2.3123572559959125,-2.2855360618973792,-2.3573906687745505,-2.343484027738894,-2.2855360618973792
0.98,-2.356194490192345,-2.356194490192345,-1.9834047165904605,-2.2857285905568037,-2.357094338711176,-2.3435235600720805,-2.2857285905568037
0.982,-2.356194490192345,-2.356194490192345,-2.9179760239351573,-2.492707248253007,-2.3567980086478015,-2.343563092405267,-2.492707248253007
0.984,-2.356194490192345,-2.356194490192345,-2.4112058346283494,-2.4928889982520985,-2.3565643975075306,-2.3435825665254804,-2.4928889982520985
0.986,-2.356194490192345,-2.356194490192345,-2.928643917484656,-2.4928889982520985,-2.356355171773093,-2.3436021921777086,-2.4928889982520985
0.988,-2.356194490192345,-2.356194490192345,-2.225184798207382,-2.492990537247688,-2.356145946038655,-2.343621817829937,-2.492990537247688
0.99,-2.356194490192345,-2.356194490192345,-2.393695821483929,-2.492990537247688,-2.355981173728492,-2.34364619396293,-2.492990537247688
0.992,-2.356194490192345,-2.356194490192345,-2.50735573411525,-2.4930790848548483,-2.355825015586258,-2.343663619717931,-2.4930790848548483
0.994,-2.356194490192345,-2.356194490192345,-2.2536498448175593,-2.4930790848548483,-2.3556688574440243,-2.343681045472932,-2.4930790848548483
0.996,-2.356194490192345,-2.356194490192345,-2.5740317495213296,-2.4932058466409073,-2.3555297894883376,-2.3436860839177505,-2.4932058466409073
0.998,-2.356194490192345,-2.356194490192345,-2.771375077667218,-2.4932058466409073,-2.3553886058797597,-2.3436914504622886,-2.4932058466409073
1.0,-2.356194490192345,-2.356194490192345,-2.697280868677578,-2.493281659540812,-2.3552474222711823,-2.3436968170068266,-2.493281659540812
